{
  "list_trade": [
    9268.5,
    9272.5,
    9273,
    9270,
    9275,
    9265,
    9264.5,
    9273,
    9270,
    9271,
    9276.5,
    9288.5,
    9288,
    9283.5,
    9267,
    9273,
    9285.5,
    9311.5,
    9324.5,
    9324.5,
    9321,
    9319.5,
    9333.5,
    9329
  ],
  "list_tradeTime": [
    1561032780,
    1561032840,
    1561032960,
    1561033080,
    1561033320,
    1561033440,
    1561033620,
    1561033740,
    1561033980,
    1561034160,
    1561034400,
    1561034580,
    1561034820,
    1561034940,
    1561035120,
    1561035420,
    1561035660,
    1561036020,
    1561036440,
    1561036620,
    1561036918,
    1561036980,
    1561037287,
    1561037410
  ]
}{
  "Trade Enter Price": [
    9321,
    9333.5
  ],
  "Profit/Loss": [
    0.160926939169617,
    0.4821342476027214
  ],
  "Trade Exit Price": [
    9319.5,
    9329
  ],
  "Trade Entry Time": [
    "Thu Jun 20 18:51:58 2019",
    "Thu Jun 20 18:58:07 2019"
  ],
  "Trade Exit Time": [
    "Thu Jun 20 18:53:00 2019",
    "Thu Jun 20 19:00:10 2019"
  ]
}